{"r_squared": 0.9795513611537876, "rmse": 0.14299873721894343}