{"r_squared": 0.976661475356925, "rmse": 0.152769514770045}