{"r_squared": 0.8572434807002469, "rmse": 0.37783133710658934}