{"r_squared": 0.8690430621268617, "rmse": 0.3618797284639446}