{"r_squared": 0.8185965687163156, "rmse": 0.42591481693372024}