{"r_squared": 0.7749322552146666, "rmse": 0.47441305292469915}