{"r_squared": 0.8800290134706861, "rmse": 0.3463682816444281}