{"r_squared": 0.9806017163710794, "rmse": 0.1392777212224576}