{"r_squared": 0.9263287073575053, "rmse": 0.271424561605052}