{"r_squared": 0.9850174434862038, "rmse": 0.12240325368958206}