{"r_squared": 0.8634469140050377, "rmse": 3840.317867659648}