{"r_squared": 0.7947854532425161, "rmse": 4707.826884447101}