{"r_squared": 0.8968716139295024, "rmse": 0.3211360865279665}