{"r_squared": 0.9804634882947577, "rmse": 0.1397730721750162}