{"r_squared": 0.862047239775911, "rmse": 0.3714199243768285}