{"r_squared": 0.9792180182565977, "rmse": 0.1441595704190404}