{"r_squared": 0.9833402010427875, "rmse": 0.12907284360860913}