{"r_squared": 0.8389021002213394, "rmse": 4171.203253454889}