{"r_squared": 0.9783956602121036, "rmse": 1527.5200268024423}