{"r_squared": 0.8545073386087756, "rmse": 0.38143500283957216}