{"r_squared": 0.9384190209944182, "rmse": 0.24815515107605926}