{"r_squared": 0.8788173797037901, "rmse": 0.3481129418683107}