{"r_squared": 0.8731431971357246, "rmse": 0.3561696265324647}