{"r_squared": 0.8629758761050363, "rmse": 3846.9357260598986}