{"r_squared": 0.6329387312189427, "rmse": 0.6058558151747471}